{
  "Logistic Regression": {
    "accuracy": 0.5737704918032787,
    "precision": 0.36870428422152557,
    "recall": 0.37316017316017314,
    "f1_score": 0.36255967812770057,
    "roc_auc": 0.811309449171518
  },
  "Random Forest": {
    "accuracy": 0.6065573770491803,
    "precision": 0.3832967032967033,
    "recall": 0.3974025974025974,
    "f1_score": 0.3838095238095238,
    "roc_auc": 0.7862115738667462
  }
}